AA,AXP,BA,BAC,CAT,CSCO,CVX,DD,DIS,GE,HD,HPQ,IBM,INTC,JNJ,JPM,KRFT,KO,MCD,MMM,MRK,MSFT,PFE,PG,T,TRV,UTX,VZ,WMT,XOM
15.82,43.3,68.15,13.85,94.38,20.45,91.66,50.05,37.74,18.49,35.2,42.22,147.21,21.01,62.63,43,65.88,31.76,77.1,86.75,36.29,28.05,17.7,64.39,29.68,56.09,79.19,36.06,54.23,73.72
16.72,45.6,70.1,14.69,94.81,21,92.48,50.54,40,18.72,35.57,45.39,148.86,21.21,63.54,44.95,65.88,31.76,77.59,87.9,37.35,28.85,18.38,65.08,30.1,56.34,79.75,37.7,55.07,75.9
15.78,43.11,66,13.8,92.3,20.38,90.27,49.28,37.62,18.12,34.18,42.22,146.64,20.27,62.53,42.64,62.56,31.14,73.59,85.63,35.85,27.77,17.62,64,28.66,52.88,78.4,35.41,53.76,73.64
16.42,44.36,69.38,14.25,93.73,20.97,91.19,49.76,39.45,18.43,34.38,45.09,147.93,20.66,62.6,43.64,62.92,31.19,74.37,86.23,37.35,28.6,18.34,64.5,28.85,53.33,79.08,35.93,54.08,75.59
-0.6,-1.06,-1.23,-0.4,0.65,-0.52,0.47,0.29,-1.71,0.06,0.82,-2.87,-0.72,0.35,0.03,-0.64,2.96,0.57,2.73,0.52,-1.06,-0.55,-0.64,-0.11,0.83,2.76,0.11,0.13,0.15,-1.87
16.71,44.2,69.42,14.17,93.21,20.94,90.95,48.3,39.01,18.61,34.16,44.86,147,20.71,62.29,43.27,62.7,30.91,74.25,85.7,37.26,28.2,18.22,64.4,28.54,53.12,78.27,36.55,53.65,75.13
16.71,46.25,70.5,15.25,94.7,21.23,92.85,49.8,39.81,18.82,35.89,46.25,150,21.33,62.98,44.97,63.86,31.72,74.49,88.8,37.61,28.5,18.48,65.53,28.61,54.84,79.9,36.58,55.36,77.84
15.64,44.01,68.35,14.09,92.51,20.7,90.12,47.2,38.92,18.46,34.07,44.57,146,20.57,62,43,62.56,30.89,72.46,85.7,34.23,28,18.13,63.4,27.71,52.96,77.81,34.98,53.54,74.58
15.97,46.25,70.07,15.25,94.01,21.21,92.83,49.8,39.29,18.82,35.89,46.25,150,21.08,62.55,44.91,63.13,31.34,74.06,88.1,34.23,28.3,18.34,65.53,28.43,54.63,79.08,35.46,54.81,77.84
0.74,-2.05,-0.65,-1.08,-0.8,-0.27,-1.88,-1.5,-0.28,-0.21,-1.73,-1.39,-3,-0.37,-0.26,-1.64,-0.43,-0.43,0.19,-2.4,3.03,-0.1,-0.12,-1.13,0.11,-1.51,-0.81,1.09,-1.16,-2.71
16.19,46.03,70.86,15.08,94.16,21.22,92.94,49.53,39.07,18.98,35.97,46.14,149.82,21.03,62.21,45.02,63.21,31.41,74.65,87.84,34.07,28.16,18.35,65.65,28.55,54.62,79.28,35.38,55.11,77.79
16.38,46.71,72.99,15.16,96.8,21.33,93.94,50.14,39.94,19.97,36.99,47.64,156.78,21.2,63.25,45.54,63.92,31.52,75.75,89.39,34.3,28.74,18.49,65.95,28.59,55.24,80.5,35.51,56.27,79.1
15.6,44.71,70.23,13.94,92.37,20.5,91.58,47.65,38.51,18.17,35.48,45.76,149.38,20.62,62.01,43.6,62.72,30.89,74.31,87.25,33.48,28.02,18.02,65.05,28.15,54.07,78.98,34.35,54.71,76.77
15.79,46,71.68,14.25,92.75,20.72,93.78,48.35,39.74,19.74,36.51,47.23,155.5,20.82,62.66,45.29,62.77,31.35,75.01,89.29,33.9,28.02,18.36,65.91,28.33,55,80.2,34.95,55.73,78.98
0.4,0.03,-0.82,0.83,1.41,0.5,-0.84,1.18,-0.67,-0.76,-0.54,-1.09,-5.68,0.21,-0.45,-0.27,0.44,0.06,-0.36,-1.45,0.17,0.14,-0.01,-0.26,0.22,-0.38,-0.92,0.43,-0.62,-1.19
15.87,46.05,71.52,14.25,92.71,20.84,93.89,48.44,39.64,19.93,36.46,46.69,155.42,21.03,62.56,45.21,62.87,31.39,74.25,89.21,33.99,28.02,18.33,65.9,28.46,55.14,80.26,34.88,55.39,78.85
16.63,46.27,72.82,14.26,97.79,21.61,94.97,50.66,39.95,20.74,38.12,47.83,164.35,21.94,62.72,45.88,63.31,31.77,75.85,90.5,33.99,29.46,18.76,66.95,28.95,57.78,83.08,36.59,57.9,79.98
15.82,43.42,69,13.4,92.51,20.73,92.93,48.26,38.65,19.74,36.3,45.36,155.33,20.93,60,44.26,62.14,30.5,73.05,87.2,33,27.45,18.14,63.14,27.41,54.97,80.26,34.88,55.3,77.93
16.13,43.86,69.23,13.6,95.68,20.93,93.37,50.29,38.85,20.2,36.7,45.51,159.21,21.46,60.01,44.54,62.21,30.53,73.28,87.44,33.07,27.75,18.15,64.2,27.49,55.81,81.43,35.63,56.7,78.99
-0.26,2.19,2.29,0.65,-2.97,-0.09,0.52,-1.85,0.79,-0.27,-0.24,1.18,-3.79,-0.43,2.55,0.67,0.66,0.86,0.97,1.77,0.92,0.27,0.18,1.7,0.97,-0.67,-1.17,-0.75,-1.31,-0.14
16.18,44.13,69.26,13.71,96.13,20.93,93.85,50.15,39.04,20.13,37.13,45.41,159.18,21.55,60.16,44.41,62.32,30.53,73.8,87.93,33.29,27.77,18.19,64.35,27.42,55.81,81.8,35.64,56.45,79.92
17.39,44.23,71.64,14.47,99.72,22.15,97.44,52.63,40.77,20.96,37.18,47.52,164.2,21.71,60.99,46,63.48,31.22,74.5,88.45,34.04,28.11,19.39,64.36,28.06,57.52,82.6,36.48,56.58,83.98
16.18,43.15,69.12,13.64,95.85,20.71,93.37,50.09,38.64,20.1,36.38,45.13,158.68,21.03,59.69,44.3,61.89,30.21,73.08,87.31,32.51,27.42,18.16,62.3,27.2,55.81,80.66,35.38,55.39,79.01
17.14,43.82,71.38,14.29,99.59,22.05,97.11,52.53,40.71,20.56,36.8,47.43,164,21.68,60.84,44.59,62.56,31.19,74.05,88.29,32.89,27.77,19.3,63.61,27.97,57.41,82.52,36.31,56.03,83.28
-0.96,0.31,-2.12,-0.58,-3.46,-1.12,-3.26,-2.38,-1.67,-0.43,0.33,-2.02,-4.82,-0.13,-0.68,-0.18,-0.24,-0.66,-0.25,-0.36,0.4,0,-1.11,0.74,-0.55,-1.6,-0.72,-0.67,0.42,-3.36
17.33,43.96,71.43,14.51,99.62,22.11,97.28,52.62,40.8,20.77,36.8,47.71,164.08,21.74,60.88,44.75,62.67,31.18,74.13,88.17,32.94,27.8,19.27,63.95,27.97,57.32,82.85,36.3,56.07,83.45
17.48,46.79,72.99,14.87,103.55,22.34,98.23,54.75,44.05,21.44,37.48,49.39,166.25,21.86,61.17,46.89,64.75,31.25,76.32,91.95,33.3,28.34,19.3,64.97,28.59,59.12,85.46,36.77,56.73,84
16.97,43.88,71.15,14.35,98.75,18.61,95.7,52.51,40.71,20.73,36.41,47.61,163.18,21.35,60.42,44.65,62.32,30.24,73.3,87.81,32.74,27.07,18.62,63.8,27.63,56.97,82.73,35.77,55.3,81.61
17.37,46.75,72.14,14.77,103.54,18.7,96.45,54.58,43.41,21.33,37.48,48.64,163.85,21.76,60.7,46.57,63.57,30.66,76.14,91.8,33.07,27.25,18.83,64.73,28.47,58.99,85.2,36.39,55.69,82.82
-0.04,-2.79,-0.71,-0.26,-3.92,3.41,0.83,-1.96,-2.61,-0.56,-0.68,-0.93,0.23,-0.02,0.18,-1.82,-0.9,0.52,-2.01,-3.63,-0.13,0.55,0.44,-0.78,-0.5,-1.67,-2.35,-0.09,0.38,0.63
17.39,46.42,72.7,14.77,103.56,18.84,95.5,54.44,43.19,21.51,37.47,48.45,164.18,21.63,60.69,46,63.67,30.67,76.07,91.72,32.97,27.2,18.82,64.8,28.4,58.84,85.07,36.31,55.26,82
17.68,46.93,73.04,14.95,105.86,18.95,98.72,55.98,43.9,21.65,38.48,49.12,164.84,22.14,61.11,48,64.72,30.93,76.45,92.96,33.19,27.37,19.39,64.8,28.57,60.92,85.44,36.62,55.38,85.1
17.28,45.53,71.09,14.69,102.01,18.56,95.5,53.8,42.98,21.24,37.27,47.54,162.52,21.28,60.33,46,62.55,30.26,75.7,91,32.65,26.6,18.72,63.4,28,58.53,84.25,35.66,54.35,81.8
17.28,45.53,72.04,14.75,105.86,18.85,98.72,55.98,43.56,21.44,38.48,48.67,164.84,22.14,61.11,48,64.55,30.91,76.13,92.96,32.85,27.06,19.19,64.3,28.57,60.92,85.01,36.62,55.38,84.5
0.11,0.89,0.66,0.02,-2.3,-0.01,-3.22,-1.54,-0.37,0.07,-1.01,-0.22,-0.66,-0.51,-0.42,-2,-0.88,-0.24,-0.06,-1.24,0.12,0.14,-0.37,0.5,-0.17,-2.08,0.06,-0.31,-0.12,-2.5
16.98,44.94,72.35,14.38,104.86,18.73,99.23,54.95,42.83,20.88,39.3,47.57,163.57,21.95,60.68,47.2,63.36,30.72,75.95,92.73,32.75,26.78,18.88,63.73,28.32,60.6,84.54,36.24,53.81,84.97
17.15,45.12,74.29,14.52,105.3,18.74,103.94,55.3,43.28,21.21,39.38,48.55,164.26,22.19,61.08,47.27,64.4,32.2,76.45,93.65,32.8,27.1,19.13,64.4,28.42,61.15,84.69,36.32,54.01,88.23
15.96,43.01,70,13.79,98.03,18.23,99.23,52.36,41.6,20.08,36.78,42.08,159.03,21.01,59.36,45.21,63.33,30.66,74.42,89.27,31.85,26.43,18.67,62.53,27.61,59.05,81.81,35.34,51.52,84.73
16.68,43.53,72.3,14.2,102,18.64,102.1,54.07,42.95,20.82,37.08,42.68,162.28,21.86,59.64,46.68,64.31,31.71,74.44,90.25,32.19,26.55,18.86,62.84,28.13,59.6,83.37,35.97,51.75,85.34
0.3,1.41,0.05,0.18,2.86,0.09,-2.87,0.88,-0.12,0.06,2.22,4.89,1.29,0.09,1.04,0.52,-0.95,-0.99,1.51,2.48,0.56,0.23,0.02,0.89,0.19,1,1.17,0.27,2.06,-0.37
16.81,43.73,72.47,14.27,102.72,18.62,102.28,54.22,43.02,20.95,37.15,43.06,162.36,21.75,59.93,46.81,64.17,31.82,74.51,91.9,32.2,26.69,18.95,62.8,28.25,59.6,83.58,36.06,51.75,85.87
16.94,44.68,72.9,14.48,104.43,18.79,104.99,54.95,44.34,21.17,37.86,43.85,164.31,22.08,61.5,47.18,65.87,31.88,76.63,93.4,33.36,26.86,19.9,63.65,28.53,60.02,84.24,36.94,52.6,86.56
16.13,42.75,68.6,13.81,99.35,18.31,102.18,52.76,42.97,20.16,36.33,42.06,159.41,21.35,59.77,45.07,63.86,31.28,73.64,90.24,32.19,25.8,18.9,61.56,27.79,58.53,81.42,35.85,51.68,83.55
16.58,43.72,71.8,14.12,103.04,18.4,103.75,53.87,43.55,20.37,37.22,42.61,161.83,21.56,61.06,45.52,65.21,31.58,76.03,92.19,33.06,25.95,19.66,62.03,27.92,59.18,82.86,36.08,52.07,85.08
0.23,0.01,0.67,0.15,-0.32,0.22,-1.47,0.35,-0.53,0.58,-0.07,0.45,0.53,0.19,-1.13,1.29,-1.04,0.24,-1.52,-0.29,-0.86,0.74,-0.71,0.77,0.33,0.42,0.72,-0.02,-0.32,0.79
16.58,43.86,71.6,14.18,103.42,18.36,104.12,54.1,43.53,20.4,37.26,42.9,161.6,21.69,61.09,45.62,65.32,31.56,76.38,92.58,33,26.13,19.64,62,27.95,59.26,83.03,36.13,52.26,85.84
16.75,45.54,72.5,14.7,104.45,18.37,104.77,54.49,43.61,20.79,37.78,43.05,167.72,21.74,61.1,47.1,65.84,31.79,77.25,94.16,33.48,26.27,19.75,62.3,28.89,59.72,84.05,36.65,53.88,86.08
15.42,43.53,69.91,13.92,97.01,17.76,97.6,51.82,42.16,19.94,36.54,41.26,158.85,20.61,59.11,44.76,64.47,31.18,74.97,89.71,32.45,25.35,19.3,61.12,27.73,57.88,80.26,35.65,51.75,80.1
16.03,44.28,71.64,14.38,100.02,17.95,99.93,52.9,42.93,20.36,37.14,41.73,162.43,20.87,59.69,45.74,64.81,31.7,76.73,91.61,32.73,25.68,19.47,61.49,28.46,58.88,81.28,35.85,52.59,82.12
0.55,-0.42,-0.04,-0.2,3.4,0.41,4.19,1.2,0.6,0.04,0.12,1.17,-0.83,0.82,1.4,-0.12,0.51,-0.14,-0.35,0.97,0.27,0.45,0.17,0.51,-0.51,0.38,1.75,0.28,-0.33,3.72
15.95,43.86,71.17,14.26,102.59,17.81,99.16,53.18,42.64,19.96,36.92,41.31,161.16,20.66,59.49,45.42,64.34,31.51,76.1,91.21,32.5,25.49,19.45,61.04,28.32,58.47,80.74,35.74,52.35,81.67
16.33,44.47,71.23,14.35,105.64,17.88,103.97,53.5,42.67,20.09,36.94,42.15,161.98,20.88,59.49,46.18,64.61,31.6,76.41,91.21,32.6,25.76,20.29,61.39,28.42,59.51,81.23,35.84,52.52,82.64
15.43,42.19,67.34,13.66,98.55,16.97,97.98,51.1,40.42,18.6,35.43,40.1,151.71,19.71,57.5,43.4,61.29,30.45,72.89,86.91,31.06,24.68,19.15,59.7,27.27,57.51,77.05,33.36,50.97,78.8
16.11,44.17,69.1,14.04,105.06,17.14,102.8,52.99,41.23,19.25,36,41.32,155.89,19.93,58.57,45.74,62.7,30.99,72.99,88.98,31.91,24.8,20.18,60.6,27.94,58.06,80.16,35.84,51.52,80.85
-0.16,-0.31,2.07,0.22,-2.47,0.67,-3.64,0.19,1.41,0.71,0.92,-0.01,5.27,0.73,0.92,-0.32,1.64,0.52,3.11,2.23,0.59,0.69,-0.73,0.44,0.38,0.41,0.58,-0.1,0.83,0.82
16.38,44.75,70.29,14.2,106.9,17.34,103.86,53.8,41.46,19.68,36.29,41.85,157.64,19.9,58.67,46.28,63.13,30.78,73.5,90.27,32.09,25.18,20.32,60.96,28.77,58.44,81.3,36.66,51.73,81.87
17.24,45.61,73.5,14.22,110.15,17.64,107.01,54.64,43.24,19.93,37.82,43.28,162.74,20.6,59.16,46.38,65.39,31.49,75.75,92.98,32.9,25.95,20.5,61.52,29.1,59.28,83.59,37.32,52.95,83.93
16.26,44.1,70.03,13.32,105.64,17.2,103.2,52.89,40.87,19.25,36.03,41.35,157.07,19.88,58.5,44.77,63.05,30.43,73.38,90.17,32.04,25.15,19.74,60.54,27.95,57.99,80.57,36.37,51.38,81.86
17.09,45.59,73.34,13.34,109.09,17.28,106.78,54.1,42.97,19.75,37.42,42.53,162.18,20.37,58.98,45.86,65.22,31.26,75.25,92.27,32.57,25.62,20.35,60.88,28.85,58.98,83.52,37.29,52.35,83.62
-0.71,-0.84,-3.05,0.86,-2.19,0.06,-2.92,-0.3,-1.51,-0.07,-1.13,-0.68,-4.54,-0.47,-0.31,0.42,-2.09,-0.48,-1.75,-2,-0.48,-0.44,-0.03,0.08,-0.08,-0.54,-2.22,-0.63,-0.62,-1.75
17.13,45.54,73.5,13.42,109.54,17.36,106.4,54.11,43.19,19.81,37.46,42.42,161.54,20.44,58.98,46.1,65.2,31.35,75.55,92.42,32.54,25.66,20.42,61.08,29.02,59.09,83.75,37.44,52.31,83.86
17.8,46.29,73.85,13.61,113.59,17.6,109.65,55.8,43.48,20.5,37.87,42.83,164.42,20.66,59.73,46.88,67.48,31.7,76.5,94.33,33.48,25.72,20.57,62.3,30.97,60.01,85.95,38.95,52.74,84.94
17.02,45.11,73.03,13.16,108.61,16.99,105.52,53.7,42.36,19.53,36.62,37.6,161.12,19.56,58.93,45.51,65.03,31.06,74.87,91.9,32.39,25.3,20.11,60.61,28.9,58.37,83.26,37.42,51.89,82.61
17.47,45.36,74.01,13.37,113.12,17.04,108.32,55.19,42.85,20.34,37.56,40.98,164.27,19.72,59.49,46.35,67.22,31.61,75.99,93.13,33.07,25.48,20.38,62.08,30.62,59.71,85.32,38.47,52.13,84.68
-0.34,0.18,-0.51,0.05,-3.58,0.32,-1.92,-1.08,0.34,-0.53,-0.1,1.44,-2.73,0.72,-0.51,-0.25,-2.02,-0.26,-0.44,-0.71,-0.53,0.18,0.04,-1,-1.6,-0.62,-1.57,-1.03,0.18,-0.82
17.42,45.61,73.38,13.4,113.75,17.01,108.52,55.5,42.87,20.73,37.48,40.65,164.42,19.79,59.5,46.12,67.22,31.71,76.31,92.68,33.34,25.45,20.55,62.17,30.74,59.83,85.66,38.53,52.31,84.26
18.47,46.49,74.85,13.88,113.93,18.29,109.94,56.52,43.05,20.75,37.96,41.8,164.75,20.2,60.18,47.8,67.82,31.88,76.91,94.1,33.7,26.31,20.61,62.33,31,60,86,38.7,53.24,86.22
17.42,45.1,72.71,13.37,108.88,17,107.51,55,41.4,20.07,37.21,40.2,163.16,19.36,59.25,46.05,66.86,31.35,75.66,92.6,33.01,25.41,20.15,61.47,29.99,59.11,84.18,37.26,52.06,84.07
17.92,46.28,73.47,13.48,109.82,17.65,109.66,55.4,41.76,20.19,37.46,40.7,164.05,20.02,59.46,46.84,67.27,31.67,76.04,93.22,33.67,26.07,20.46,61.9,30.71,59.58,84.81,37.72,52.54,85.95
-0.5,-0.67,-0.09,-0.08,3.93,-0.64,-1.14,0.1,1.11,0.54,0.02,-0.05,0.37,-0.23,0.04,-0.72,-0.05,0.04,0.27,-0.54,-0.33,-0.62,0.09,0.27,0.03,0.25,0.85,0.81,-0.23,-1.69
18.06,46.36,73.65,13.5,110.02,17.71,109.74,55.45,41.76,20.24,37.45,40.71,163.44,20.07,59.54,47,67.25,31.73,76.15,93.59,33.68,26.19,20.55,62.02,30.75,59.85,85,37.75,52.54,85.95
18.19,46.95,74.28,13.64,110.3,17.76,109.9,55.81,42.02,20.37,38.4,41.55,166.34,20.2,60.95,47.37,68.47,33.54,77.54,94.64,34.97,26.25,20.75,64.21,30.84,60.85,85.56,38,53.96,86.15
16.38,45.6,70.88,12.82,105.35,16.97,103.13,53.17,40.84,19.6,37.17,40.12,162.3,19.41,59.49,44.83,66.41,31.69,75.83,91.75,33.27,25.09,20.33,61.9,30.01,59,82.7,37.34,52.4,82.38
16.52,46.25,72.6,12.82,107.21,17.03,106.24,54.89,41.52,20.04,38.17,40.26,166.21,19.75,60.56,44.89,68.01,33.36,77.38,92.82,34.51,25.37,20.53,64.18,30.65,59.8,83.45,37.85,53.55,84.29
1.54,0.11,1.05,0.68,2.81,0.68,3.5,0.56,0.24,0.2,-0.72,0.45,-2.77,0.32,-1.02,2.11,-0.76,-1.63,-1.23,0.77,-0.83,0.82,0.02,-2.16,0.1,0.05,1.55,-0.1,-1.01,1.66
16.36,45.85,72.72,12.59,105.58,16.88,104.95,54.28,40.97,19.77,37.7,39.96,164.64,19.53,60.45,44.27,67.57,32.72,76.89,91.94,34.2,25.1,20.32,63.67,30.42,59.32,82.6,37.6,53.08,83.11
16.97,47.48,75.44,12.6,109.42,16.96,108.34,56,42.46,20.54,38.5,41.19,168.28,21.46,64.54,44.97,68.05,33.67,78.41,94.42,34.29,26,20.88,64.34,30.68,61.32,87.1,38,53.95,86.36
15.88,45.27,71.75,12.15,102.16,16.52,103.04,53.19,40.45,19.51,37.2,39.16,162.19,19.45,60.1,43.53,66.64,32.7,76.4,90.58,33.51,24.72,19.79,63.27,29.91,58.07,81.1,36.91,52.91,82.44
16.97,47.11,75.44,12.31,109.42,16.94,108.13,55.91,42.27,19.95,37.8,40.99,168.28,21.46,64.07,44.68,67.88,33.38,76.91,93.92,34.04,25.52,19.79,63.27,30.68,61.32,87.1,36.91,53.58,86.36
-0.61,-1.26,-2.72,0.28,-3.84,-0.06,-3.18,-1.63,-1.3,-0.18,-0.1,-1.03,-3.64,-1.93,-3.62,-0.41,-0.31,-0.66,-0.02,-1.98,0.16,-0.42,0.53,0.4,-0.26,-2,-4.5,0.69,-0.5,-3.25
16.94,47.19,75.51,12.32,109.24,16.93,107.37,55.69,42.34,20.14,37.61,41.06,167.65,21.37,63.65,44.65,67.95,33.45,77.15,93.91,33.7,25.56,19.95,63.08,30.67,61.32,87,37.07,53.6,86.29
17.24,49.15,75.34,12.6,116.25,17.64,109.6,56.88,43.35,20.85,37.71,41.3,173,23.19,65.98,46.02,67.98,33.9,78.59,97.5,36.25,26.87,21.06,65.1,31.82,63.37,89.8,38.42,55.16,88
16.66,46.77,74.68,12.23,107.95,16.9,106.68,54.54,41.71,19.89,36.94,39.99,167.23,21.33,63.4,44.38,65.81,33,76.54,93.27,33.63,25.34,19.9,62.6,30.43,60.91,86.29,36.82,53.23,85.89
17,49.08,79.78,12.28,115.41,17.52,109.44,56.79,43.1,20.45,37.15,40.37,170.58,23.15,65.72,45.63,67.46,33.59,78.31,97.21,35.95,25.92,20.97,64.9,31.12,63.28,89.58,37.78,54.98,87.98
-0.06,-1.89,-4.27,0.04,-6.17,-0.59,-2.07,-1.1,-0.76,-0.31,0.46,0.69,-2.93,-1.78,-2.07,-0.98,0.49,-0.14,-1.16,-3.3,-2.25,-0.36,-1.02,-1.82,-0.45,-1.96,-2.58,-0.71,-1.38,-1.69
17.27,49.37,75.35,12.36,116.24,17.51,109.48,56.42,43.47,20.7,37.44,40.69,172.11,23.02,65.92,45.94,67.76,33.6,78.4,97.58,36.44,25.94,21.14,65.24,31.6,63.56,90.03,38.33,55.08,88.1
20.96,50.47,74.65,12.71,116.55,17.7,109.57,57,43.79,20.71,37.67,41.52,173.54,23.86,66.46,46.07,67.93,34.49,79.37,97.95,36.75,26.25,21.2,66.5,31.94,64.17,90.67,38.33,55.79,88.13
16.83,49.08,78.09,12.2,108.39,17.28,101.11,53.59,42.3,19.81,36.77,39.8,167.5,22.67,64.8,44.76,66.4,33.22,78.2,94.4,35.95,25.48,20.07,64.9,31.03,62.85,85.8,36.9,53.2,81.59
17.15,50.2,79.31,12.31,110.34,17.56,102.88,54.63,43.06,20.01,36.99,40.81,168.89,23.25,65.27,45.04,66.9,34.08,78.7,95.6,36.39,25.87,20.55,65.27,31.26,63.43,89.21,37.28,55.02,82.69
0.12,-0.83,-3.96,0.05,5.9,-0.05,6.6,1.79,0.41,0.69,0.45,-0.12,3.22,-0.23,0.65,0.9,0.86,-0.48,-0.3,1.98,0.05,0.07,0.59,-0.03,0.34,0.13,0.82,1.05,0.06,5.41
17.16,50.06,79.31,12.28,110.8,17.53,103.25,54.94,43.32,19.97,36.93,40.79,168.39,23.13,65.11,44.75,66.86,33.81,79.46,95.3,36.11,25.8,20.53,64.93,31.2,63.23,88.88,37.28,54.97,83.01
17.62,50.46,80.42,12.43,112.97,17.99,104.95,56.13,44.12,20.42,37.43,41.74,172.77,23.83,67.37,45.5,68.77,35.1,80.91,97.18,37.3,25.96,20.99,67.31,31.79,64.09,90.18,37.68,56.03,83.76
16.75,49.22,78.48,11.91,106.02,16.64,100.41,52.55,40.94,19.76,36.7,40.22,167.82,22.65,65.07,42.98,66.83,33.8,79.08,94.44,36.1,24.95,20.45,64.86,31.05,62.18,88.35,36.95,54.7,79.42
17.1,49.49,79.03,11.93,106.33,16.88,102.39,52.91,41.52,19.89,37.01,40.41,169.92,23.41,66.62,43.15,68.18,34.89,80.74,96.01,37.08,25.03,20.92,66.86,31.41,62.33,88.98,37.26,55.72,80.87
0.06,0.57,0.28,0.35,4.47,0.65,0.86,2.03,1.8,0.08,-0.08,0.38,-1.53,-0.28,-1.51,1.6,-1.32,-1.08,-1.28,-0.71,-0.97,0.77,-0.39,-1.93,-0.21,0.9,-0.1,0.02,-0.75,2.14
17,49.42,78.66,11.89,105.87,16.82,102.03,52.74,41.26,19.85,36.69,40.2,169.81,23.32,66.41,42.97,68.1,34.84,80.44,95.54,37.06,24.96,20.84,66.66,31.32,62.52,88.46,37.26,55.61,80.22
17.29,51.97,78.81,12.11,108.27,16.87,104.53,54,41.84,20.05,37.94,40.34,171.41,23.96,66.79,44.35,68.7,35.44,82.85,96.23,37.65,25.07,21.28,67.72,31.77,63.11,89.25,37.41,56.47,82.58
16.26,49.17,75.83,11.53,101.47,16.34,99.61,51.92,40.68,19.41,36.55,35.91,166.53,23.08,65.28,42.65,67.5,34.48,80.44,92.75,36.69,24.25,20.68,66.51,30.9,62.13,86.65,36.8,54.95,79.6
16.26,51.19,77.52,11.58,104.33,16.53,102.57,52.74,41.5,19.62,37.05,35.98,170.16,23.22,65.69,43.13,68.3,35.23,82.33,93.56,37.06,24.49,20.69,67.36,31.32,62.25,87.5,37.15,55.29,81.57
0.74,-1.77,1.14,0.31,1.54,0.29,-0.54,0,-0.24,0.23,-0.36,4.22,-0.35,0.1,0.72,-0.16,-0.2,-0.39,-1.89,1.98,0,0.47,0.15,-0.7,0,0.27,0.96,0.11,0.32,-1.35
15.96,50.74,76.55,11.47,101.3,16.41,101.13,51.75,41.15,19.32,36,35.58,168.5,22.92,65.19,42.4,67.59,34.97,81.53,92.29,36.67,24.21,20.49,66.8,31,61.74,86.41,36.75,54.9,80.22
16.48,51.38,76.99,11.69,104.6,16.46,103.86,52.56,41.52,19.52,37,36.96,168.6,23.03,66.77,42.92,67.9,35.06,83.08,93.47,37.04,25.03,20.98,67.2,31.3,62,86.72,37.03,55.5,82.63
15.83,49.79,75.13,11.29,100.3,16.11,100.7,50.5,40.55,18.97,36,35.44,165.9,22.21,65.08,41.69,66.3,34.28,81.49,91.38,36.1,24.03,20.35,65.7,30.92,60.36,85.21,36.24,54.1,80.07
16.48,51.13,76.99,11.69,104.6,16.46,103.21,52.56,41.52,19.44,36,36.96,167.5,22.21,66.77,42.79,66.51,34.75,81.62,93.47,36.21,24.76,20.93,66.2,31.29,61.52,86.33,36.67,54.7,82.63
-0.52,-0.39,-0.44,-0.22,-3.3,-0.05,-2.08,-0.81,-0.37,-0.12,0,-1.38,1,0.71,-1.58,-0.39,1.08,0.22,-0.09,-1.18,0.46,-0.55,-0.44,0.6,-0.29,0.22,0.08,0.08,0.2,-2.41
16.73,51.39,77.8,11.87,106.41,16.59,104.61,53.18,41.9,19.68,36.18,37.28,168.44,22.45,67.31,43.24,66.94,34.79,82.13,94.05,36.39,24.96,21,66.33,31.48,61.95,87,36.91,54.88,83.28
16.83,51.7,78.35,11.92,106.6,16.82,105.21,53.39,41.99,19.72,36.28,37.52,169.89,22.64,67.34,43.38,67.24,35,82.25,94.68,36.76,25.1,21.45,67,31.65,62.25,87.79,36.99,55.22,83.75
15.77,49.04,74.09,11.08,99.15,15.98,99.57,50.11,39.17,18.75,34.43,36,164.13,21.67,65.8,40.83,65.21,34.05,80.01,90.19,35.76,23.84,20.66,56.57,30.52,60.59,82.43,35.6,53.04,80.18
15.92,49.28,74.84,11.28,101.1,16.01,101,50.29,39.38,18.82,34.63,36.11,165.05,21.73,66.09,41.57,65.53,34.1,80.54,90.7,35.82,23.9,20.84,65.43,30.65,61.18,83.24,35.63,53.66,81.18
0.81,2.11,2.96,0.59,5.31,0.58,3.61,2.89,2.52,0.86,1.55,1.17,3.39,0.72,1.22,1.67,1.41,0.69,1.59,3.35,0.57,1.06,0.16,0.9,0.83,0.77,3.76,1.28,1.22,2.1
14.92,49.13,74.76,11.18,100.25,16.04,100.9,50.3,39.18,18.71,34.53,35.99,164.76,21.8,65.87,41.1,65.51,34.07,80.6,90.38,35.7,23.9,20.82,65.36,30.55,61.35,82.93,35.57,53.86,80.93
16.03,49.38,75.27,11.2,101.61,16.17,101.87,50.9,39.88,18.8,35.02,36.24,165.96,22.44,67.28,41.5,68.05,34.39,82.23,92.43,36.38,24.25,20.97,65.64,30.61,61.68,84.52,36.14,54.3,81.87
15.17,47.33,72.61,10.41,96.42,15.01,98.98,49.52,38.42,18.14,33.42,35.14,162.87,21.26,65.18,40.1,65.07,24.3,80,90.24,35.36,23.69,20.04,64.65,30.11,58.71,82.6,35.16,52.69,79.72
15.28,47.74,72.69,10.8,96.79,15.12,99.67,49.78,38.5,18.32,33.47,35.25,163.18,21.38,66.09,41.05,65.39,33.79,80.36,90.73,35.45,23.7,20.11,64.7,30.34,59.21,82.7,35.19,52.72,79.78
-0.36,1.39,2.07,0.38,3.46,0.92,1.23,0.52,0.68,0.39,1.06,0.74,1.58,0.42,-0.22,0.05,0.12,0.28,0.24,-0.35,0.25,0.2,0.71,0.66,0.21,2.14,0.23,0.38,1.14,1.15
15.29,47.96,73.85,10.89,96.93,15.14,100.04,50.03,38.63,18.31,33.46,35.13,164.44,21.43,66.32,41.29,65.1,33.92,80.43,91.14,35.03,23.79,20.08,64.65,30.28,59.12,82.92,35.23,52.91,80
15.5,49.14,74.69,11.12,98.45,15.28,101.29,50.63,38.86,18.9,34.93,35.32,165.1,26.78,67.36,42.44,66.23,34.72,82.72,92.99,35.88,29.05,20.73,65.22,30.95,59.32,85.26,35.92,53.29,80.82
14.59,46.92,73.8,10.4,94.2,14.78,97.71,48.64,37.77,18.2,33.41,33.95,161.52,21.07,65.47,39.7,64.64,33.76,80.39,90.58,34.99,23.65,20.03,63.33,30.17,57.36,82.52,34.94,51.79,78.33
14.72,48.5,74.25,10.68,95.95,14.97,99.17,49.57,38.04,18.49,34.53,35,164.44,21.19,66.29,40.8,65.62,34.48,82.52,91.78,35.39,24.26,20.26,64.69,30.77,57.92,84.57,35.51,52.82,79.02
0.57,-0.54,-0.4,0.21,0.98,0.17,0.87,0.46,0.59,-0.18,-1.07,0.13,0,0.24,0.03,0.49,-0.52,-0.56,-2.09,-0.64,-0.36,-0.47,-0.18,-0.04,-0.49,1.2,-1.65,-0.28,0.09,0.98
14.67,48.35,74.17,10.59,96.49,14.94,98.88,49.5,37.85,18.34,34.29,34.79,163.7,21.19,66.08,40.5,65.37,34.39,82.32,91.42,35.29,24.17,20.09,64.51,30.66,57.57,84.36,35.35,52.7,78.65
15.6,50.15,75.25,10.94,102.5,15.64,102.46,51.98,38.89,18.94,35.69,35.65,166.81,21.74,66.75,41.53,66.82,34.98,83.09,93.92,35.97,24.86,20.96,65.29,31.33,58.28,86.21,36.17,53.7,81.12
14.56,48.15,74.09,10.48,96.05,14.92,97,49.46,37.19,17.97,34.28,34.55,163.59,21.06,64.69,39.44,64.43,33.87,81.4,90.68,34.5,24.16,20.08,62.44,30.29,56.12,83.69,35.2,52.35,76.78
15.23,48.34,75.25,10.52,100.01,14.93,97.9,51.96,37.58,17.97,35.08,34.9,165.07,21.2,65.06,39.49,64.93,34.6,81.84,90.89,34.55,24.3,20.08,62.59,30.44,56.68,84.33,36,52.41,76.78
-0.56,0.01,-1.08,0.07,-3.52,0.01,0.98,-2.46,0.27,0.37,-0.79,-0.11,-1.37,-0.01,1.02,1.01,0.44,-0.21,0.48,0.53,0.74,-0.13,0.01,1.92,0.22,0.89,0.03,-0.65,0.29,1.87
15.22,48.49,75.08,10.52,99.96,14.94,97.94,51.85,37.62,18,35.03,35.05,165.74,21.17,65.2,39.4,64.85,34.61,81.51,91.08,34.6,24.23,20.1,62.76,30.65,56.83,84.01,36,52.32,76.88
16.31,52.34,74.25,11.09,108.62,15.86,104.09,54.47,39.72,19.2,36.73,37.05,174.54,22.53,67.3,41.58,68.09,35.47,85.65,96.67,35.6,26.02,20.75,64.27,31.68,59.11,90.13,37.8,53.51,82.01